{"cameraMode":{"drawMode":0,"name":"Shaded","section":"Shading Mode"},"sceneLighting":true,"audioPlay":false,"sceneViewState":{"showFog":true,"showMaterialUpdate":false,"showSkybox":true,"showFlares":true,"showImageEffects":true,"showParticleSystems":true},"in2DMode":false,"pivot":{"x":0.10412634164094925,"y":-0.7485535144805908,"z":5.010866641998291},"rotation":{"x":-0.5703495144844055,"y":-0.1359175145626068,"z":0.09638071060180664,"w":-0.8043250441551209},"size":14.807384490966797,"orthographic":false}